id,first_name,last_name,email,gender,ip_address
1,Aurilia,Leisman,aleisman0@examiner.com,Female,32.251.157.17
2,Celinda,Malzard,cmalzard1@twitter.com,Female,170.75.202.61
3,Othilie,Posnette,oposnette2@xing.com,Bigender,6.5.182.222
4,Arabella,Itzcovich,aitzcovich3@topsy.com,Female,31.112.244.254
5,Olenolin,Assender,oassender4@goo.gl,Male,29.138.235.205
6,Fidelia,Glandfield,fglandfield5@ft.com,Female,125.190.55.241
7,Johan,McGreal,jmcgreal6@sourceforge.net,Male,98.69.242.179
8,Rayner,Lacotte,rlacotte7@wordpress.com,Male,171.231.119.74
9,Rosella,Rickets,rrickets8@weebly.com,Bigender,30.128.95.41
10,Chauncey,Gladbach,cgladbach9@bravesites.com,Male,182.113.11.116
11,Daphna,Triggle,dtrigglea@webnode.com,Genderqueer,143.51.61.41
12,Owen,Sedgman,osedgmanb@stumbleupon.com,Male,180.145.27.218
13,Heinrik,Devine,hdevinec@fda.gov,Male,27.207.108.238
14,Penelopa,Worsell,pworselld@harvard.edu,Female,60.232.70.75
15,Sayers,Python,spythone@reference.com,Male,186.163.136.69
16,Lanni,Eberle,leberlef@google.nl,Female,90.198.19.150
17,Byron,Kellington,bkellingtong@ca.gov,Male,118.21.183.180
18,Susanne,Vautin,svautinh@domainmarket.com,Female,245.213.42.150
19,Riley,Guitte,rguittei@macromedia.com,Male,80.195.160.163
20,Merell,Toffalo,mtoffaloj@edublogs.org,Male,8.73.156.241
21,Filia,Tuffrey,ftuffreyk@squidoo.com,Female,66.225.62.231
22,Lee,Simoneton,lsimonetonl@cargocollective.com,Agender,227.24.247.150
23,Brendan,Cumes,bcumesm@weather.com,Agender,6.18.185.163
24,Garvy,Dickins,gdickinsn@hibu.com,Agender,27.251.138.210
25,Arly,Digman,adigmano@tripod.com,Female,251.128.138.10
